system,concurrency,worker,turn,latency_s,http_status,error
lambda,1,0,0,0.3631,200,
lambda,1,0,1,0.4338,200,
lambda,1,0,2,0.4155,200,
lambda,1,0,3,0.4044,200,
lambda,2,0,0,0.3151,200,
lambda,2,0,1,0.4109,200,
lambda,2,0,2,0.393,200,
lambda,2,0,3,0.6459,200,
lambda,2,1,0,1.1645,200,
lambda,2,1,1,0.3817,200,
lambda,2,1,2,0.4312,200,
lambda,2,1,3,0.4716,200,
lambda,5,4,0,0.249,200,
lambda,5,4,1,0.3182,200,
lambda,5,4,2,0.3485,200,
lambda,5,4,3,0.3826,200,
lambda,5,2,0,0.2807,200,
lambda,5,2,1,0.3682,200,
lambda,5,2,2,0.3587,200,
lambda,5,2,3,0.3576,200,
lambda,5,1,0,1.0998,200,
lambda,5,1,1,0.3031,200,
lambda,5,1,2,0.3366,200,
lambda,5,1,3,0.3965,200,
lambda,5,3,0,1.1231,200,
lambda,5,3,1,0.3593,200,
lambda,5,3,2,0.3461,200,
lambda,5,3,3,0.3952,200,
lambda,5,0,0,1.1482,200,
lambda,5,0,1,0.356,200,
lambda,5,0,2,0.4352,200,
lambda,5,0,3,0.4969,200,
lambda,10,8,0,0.2619,200,
lambda,10,8,1,0.3573,200,
lambda,10,8,2,0.3383,200,
lambda,10,8,3,0.365,200,
lambda,10,4,0,0.2611,200,
lambda,10,4,1,0.2875,200,
lambda,10,4,2,0.3695,200,
lambda,10,4,3,0.4206,200,
lambda,10,7,0,0.2575,200,
lambda,10,7,1,0.3916,200,
lambda,10,7,2,0.3453,200,
lambda,10,7,3,0.4198,200,
lambda,10,0,0,0.273,200,
lambda,10,0,1,0.3593,200,
lambda,10,0,2,0.4261,200,
lambda,10,0,3,0.3928,200,
lambda,10,3,0,0.2791,200,
lambda,10,3,1,0.3847,200,
lambda,10,3,2,0.448,200,
lambda,10,3,3,0.4517,200,
lambda,10,6,0,1.1319,200,
lambda,10,6,1,0.3266,200,
lambda,10,6,2,0.4435,200,
lambda,10,6,3,0.3744,200,
lambda,10,2,0,1.086,200,
lambda,10,2,1,0.3151,200,
lambda,10,2,2,0.4031,200,
lambda,10,2,3,0.473,200,
lambda,10,1,0,1.1598,200,
lambda,10,1,1,0.3223,200,
lambda,10,1,2,0.3542,200,
lambda,10,1,3,0.4746,200,
lambda,10,5,0,1.2291,200,
lambda,10,5,1,0.2774,200,
lambda,10,5,2,0.3705,200,
lambda,10,5,3,0.4705,200,
lambda,10,9,0,1.1447,200,
lambda,10,9,1,0.3044,200,
lambda,10,9,2,0.3989,200,
lambda,10,9,3,0.4998,200,
lambda,20,10,0,,503,HTTP Error 503: Service Unavailable
lambda,20,10,1,,503,HTTP Error 503: Service Unavailable
lambda,20,10,2,,503,HTTP Error 503: Service Unavailable
lambda,20,10,3,,503,HTTP Error 503: Service Unavailable
lambda,20,17,0,,503,HTTP Error 503: Service Unavailable
lambda,20,17,1,,503,HTTP Error 503: Service Unavailable
lambda,20,17,2,,503,HTTP Error 503: Service Unavailable
lambda,20,17,3,,503,HTTP Error 503: Service Unavailable
lambda,20,7,0,,503,HTTP Error 503: Service Unavailable
lambda,20,7,1,,503,HTTP Error 503: Service Unavailable
lambda,20,7,2,,503,HTTP Error 503: Service Unavailable
lambda,20,7,3,,503,HTTP Error 503: Service Unavailable
lambda,20,12,0,,503,HTTP Error 503: Service Unavailable
lambda,20,12,1,,503,HTTP Error 503: Service Unavailable
lambda,20,12,2,,503,HTTP Error 503: Service Unavailable
lambda,20,12,3,,503,HTTP Error 503: Service Unavailable
lambda,20,11,0,,503,HTTP Error 503: Service Unavailable
lambda,20,11,1,,503,HTTP Error 503: Service Unavailable
lambda,20,11,2,,503,HTTP Error 503: Service Unavailable
lambda,20,11,3,,503,HTTP Error 503: Service Unavailable
lambda,20,14,0,,503,HTTP Error 503: Service Unavailable
lambda,20,14,1,,503,HTTP Error 503: Service Unavailable
lambda,20,14,2,,503,HTTP Error 503: Service Unavailable
lambda,20,14,3,0.355,200,
lambda,20,9,0,,503,HTTP Error 503: Service Unavailable
lambda,20,9,1,,503,HTTP Error 503: Service Unavailable
lambda,20,9,2,,503,HTTP Error 503: Service Unavailable
lambda,20,9,3,,503,HTTP Error 503: Service Unavailable
lambda,20,16,0,,503,HTTP Error 503: Service Unavailable
lambda,20,16,1,,503,HTTP Error 503: Service Unavailable
lambda,20,16,2,,503,HTTP Error 503: Service Unavailable
lambda,20,16,3,0.376,200,
lambda,20,15,0,,503,HTTP Error 503: Service Unavailable
lambda,20,15,1,,503,HTTP Error 503: Service Unavailable
lambda,20,15,2,,503,HTTP Error 503: Service Unavailable
lambda,20,15,3,0.3822,200,
lambda,20,1,0,,503,HTTP Error 503: Service Unavailable
lambda,20,1,1,,503,HTTP Error 503: Service Unavailable
lambda,20,1,2,,503,HTTP Error 503: Service Unavailable
lambda,20,1,3,0.3787,200,
lambda,20,13,0,0.3007,200,
lambda,20,13,1,,503,HTTP Error 503: Service Unavailable
lambda,20,13,2,0.4007,200,
lambda,20,13,3,0.4656,200,
lambda,20,2,0,0.2987,200,
lambda,20,2,1,,503,HTTP Error 503: Service Unavailable
lambda,20,2,2,0.4135,200,
lambda,20,2,3,0.5102,200,
lambda,20,8,0,0.3007,200,
lambda,20,8,1,,503,HTTP Error 503: Service Unavailable
lambda,20,8,2,0.4324,200,
lambda,20,8,3,0.4872,200,
lambda,20,0,0,0.2991,200,
lambda,20,0,1,0.3919,200,
lambda,20,0,2,0.4583,200,
lambda,20,0,3,0.5119,200,
lambda,20,18,0,0.2909,200,
lambda,20,18,1,0.4132,200,
lambda,20,18,2,0.4787,200,
lambda,20,18,3,0.4984,200,
lambda,20,5,0,0.3185,200,
lambda,20,5,1,0.3997,200,
lambda,20,5,2,0.4641,200,
lambda,20,5,3,0.509,200,
lambda,20,19,0,0.3091,200,
lambda,20,19,1,0.429,200,
lambda,20,19,2,0.4466,200,
lambda,20,19,3,0.5284,200,
lambda,20,6,0,0.3281,200,
lambda,20,6,1,0.435,200,
lambda,20,6,2,0.5133,200,
lambda,20,6,3,0.4856,200,
lambda,20,3,0,0.3026,200,
lambda,20,3,1,0.4271,200,
lambda,20,3,2,0.5014,200,
lambda,20,3,3,0.5844,200,
lambda,20,4,0,0.3187,200,
lambda,20,4,1,0.7739,200,
lambda,20,4,2,0.4992,200,
lambda,20,4,3,0.5014,200,
